ID,VehicleID,SourceID,Shop Label
1101,838,18,Find on street & steal
1100,837,13,Career Progress
1099,833,18,Find on street & steal
1098,832,18,Find on street & steal
1097,831,13,Career Progress
1096,830,7,Warstock Cache & Carry
1095,829,7,Warstock Cache & Carry
1094,828,7,Warstock Cache & Carry
1093,827,7,Warstock Cache & Carry
1092,826,1,Southern S.A. Super Autos
1091,825,2,Legendary Motorsport 
1090,824,2,Legendary Motorsport 
1089,822,2,Legendary Motorsport 
1088,821,2,Legendary Motorsport 
1087,820,2,Legendary Motorsport 
1086,819,2,Legendary Motorsport 
1085,818,1,Southern S.A. Super Autos
1084,817,21,Salvage Yard
1083,816,21,Salvage Yard
1082,815,1,Southern S.A. Super Autos
1081,814,1,Southern S.A. Super Autos
1080,813,7,Warstock Cache & Carry
1079,812,2,Legendary Motorsport 
1078,811,1,Southern S.A. Super Autos
1077,810,2,Legendary Motorsport 
1076,809,2,Legendary Motorsport 
1075,808,2,Legendary Motorsport 
1074,807,1,Southern S.A. Super Autos
1073,806,1,Southern S.A. Super Autos
1072,805,1,Southern S.A. Super Autos
1071,804,20,Bonus Reward
1070,803,2,Legendary Motorsport 
1069,802,2,Legendary Motorsport 
1068,801,6,Elitás Travel
1067,800,7,Warstock Cache & Carry
1066,799,7,Warstock Cache & Carry
1065,798,1,Southern S.A. Super Autos
1064,797,1,Southern S.A. Super Autos
1063,797,13,Career Progress
1062,796,7,Warstock Cache & Carry
1061,795,7,Warstock Cache & Carry
1060,794,1,Southern S.A. Super Autos
1059,793,2,Legendary Motorsport 
1058,792,1,Southern S.A. Super Autos
1057,791,7,Warstock Cache & Carry
1056,790,2,Legendary Motorsport 
1055,789,1,Southern S.A. Super Autos
1054,788,1,Southern S.A. Super Autos
1053,787,1,Southern S.A. Super Autos
1052,786,1,Southern S.A. Super Autos
1051,786,13,Career Progress
1050,785,7,Warstock Cache & Carry
1049,784,7,Warstock Cache & Carry
1048,783,2,Legendary Motorsport 
1047,782,2,Legendary Motorsport 
1046,781,7,Warstock Cache & Carry
1045,780,2,Legendary Motorsport 
1044,779,2,Legendary Motorsport 
1043,778,2,Legendary Motorsport 
1042,777,2,Legendary Motorsport 
1041,776,20,Misc
1040,775,7,Warstock Cache & Carry
1039,774,7,Warstock Cache & Carry
1038,773,1,Southern S.A. Super Autos
1037,772,7,Warstock Cache & Carry
1036,771,1,Southern S.A. Super Autos
1035,770,7,Warstock Cache & Carry
1034,769,1,Southern S.A. Super Autos
1033,768,2,Legendary Motorsport 
1032,767,1,Southern S.A. Super Autos
1031,766,1,Southern S.A. Super Autos
1030,765,1,Southern S.A. Super Autos
1029,764,2,Legendary Motorsport 
1028,763,2,Legendary Motorsport 
1027,762,1,Southern S.A. Super Autos
1026,761,1,Southern S.A. Super Autos
1025,760,1,Southern S.A. Super Autos
1024,759,1,Southern S.A. Super Autos
1023,758,1,Southern S.A. Super Autos
1022,757,1,Southern S.A. Super Autos
1021,756,1,Southern S.A. Super Autos
1020,755,7,Warstock Cache & Carry
1019,754,2,Legendary Motorsport 
1018,753,8,Pedal and Metal Cycles 
1017,752,8,Pedal and Metal Cycles 
1016,751,2,Legendary Motorsport 
1015,750,2,Legendary Motorsport 
1014,749,1,Southern S.A. Super Autos
1013,748,7,Warstock Cache & Carry
1012,747,1,Southern S.A. Super Autos
1011,746,1,Southern S.A. Super Autos
1010,745,1,Southern S.A. Super Autos
1009,744,7,Warstock Cache & Carry
1008,743,1,Southern S.A. Super Autos
1007,742,1,Southern S.A. Super Autos
1006,741,2,Legendary Motorsport 
1005,741,20,Misc
1004,740,1,Southern S.A. Super Autos
1003,739,2,Legendary Motorsport 
1002,738,2,Legendary Motorsport 
1001,737,1,Southern S.A. Super Autos
1000,736,2,Legendary Motorsport 
999,735,1,Southern S.A. Super Autos
998,734,2,Legendary Motorsport 
997,733,20,Misc
996,732,2,Legendary Motorsport 
995,731,1,Southern S.A. Super Autos
994,731,13,Career Progress
993,730,1,Southern S.A. Super Autos
992,729,1,Southern S.A. Super Autos
991,728,7,Warstock Cache & Carry
990,728,20,Misc
989,727,15,Conversion at Benny's Shop
988,726,15,Conversion at Benny's Shop
987,725,15,Conversion at Benny's Shop
986,724,1,Southern S.A. Super Autos
985,723,2,Legendary Motorsport 
984,723,3,Benny's Original Motor Works
983,722,1,Southern S.A. Super Autos
982,721,1,Southern S.A. Super Autos
981,720,1,Southern S.A. Super Autos
980,719,15,Conversion at Benny's Shop
979,718,1,Southern S.A. Super Autos
978,717,1,Southern S.A. Super Autos
977,716,2,Legendary Motorsport 
976,715,2,Legendary Motorsport 
975,714,2,Legendary Motorsport 
974,713,2,Legendary Motorsport 
973,712,6,Elitás Travel
972,711,1,Southern S.A. Super Autos
971,710,2,Legendary Motorsport 
970,709,2,Legendary Motorsport 
969,708,1,Southern S.A. Super Autos
968,707,1,Southern S.A. Super Autos
967,706,2,Legendary Motorsport 
966,705,7,Warstock Cache & Carry
965,704,2,Legendary Motorsport 
964,704,11,Customer Bike (MC Clubhouse)
963,703,1,Southern S.A. Super Autos
962,702,1,Southern S.A. Super Autos
961,701,2,Legendary Motorsport 
960,701,11,Customer Bike (MC Clubhouse)
959,700,2,Legendary Motorsport 
958,699,1,Southern S.A. Super Autos
957,698,2,Legendary Motorsport 
956,697,2,Legendary Motorsport 
955,696,13,Career Progress
954,695,1,Southern S.A. Super Autos
953,694,2,Legendary Motorsport 
952,693,2,Legendary Motorsport 
951,692,2,Legendary Motorsport 
950,691,2,Legendary Motorsport 
949,690,2,Legendary Motorsport 
948,689,2,Legendary Motorsport 
947,688,1,Southern S.A. Super Autos
946,687,2,Legendary Motorsport 
945,686,1,Southern S.A. Super Autos
944,685,2,Legendary Motorsport 
943,684,2,Legendary Motorsport 
942,683,1,Southern S.A. Super Autos
941,682,2,Legendary Motorsport 
940,681,1,Southern S.A. Super Autos
939,680,2,Legendary Motorsport 
938,679,2,Legendary Motorsport 
937,678,1,Southern S.A. Super Autos
936,677,1,Southern S.A. Super Autos
935,676,2,Legendary Motorsport 
934,675,1,Southern S.A. Super Autos
933,674,2,Legendary Motorsport 
932,673,1,Southern S.A. Super Autos
931,672,1,Southern S.A. Super Autos
930,671,7,Warstock Cache & Carry
929,670,7,Warstock Cache & Carry
928,669,7,Warstock Cache & Carry
927,668,7,Warstock Cache & Carry
926,667,1,Southern S.A. Super Autos
925,667,13,Career Progress
924,666,7,Warstock Cache & Carry
923,665,1,Southern S.A. Super Autos
922,665,3,Benny's Original Motor Works
921,665,10,Customer Car (Auto Shop)
920,664,1,Southern S.A. Super Autos
919,664,3,Benny's Original Motor Works
918,664,10,Customer Car (Auto Shop)
917,664,20,Misc
916,663,2,Legendary Motorsport 
915,662,1,Southern S.A. Super Autos
914,661,1,Southern S.A. Super Autos
913,660,7,Warstock Cache & Carry
912,659,7,Warstock Cache & Carry
911,658,7,Warstock Cache & Carry
910,657,7,Warstock Cache & Carry
909,656,7,Warstock Cache & Carry
908,655,5,DockTease
907,654,7,Warstock Cache & Carry
906,653,7,Warstock Cache & Carry
905,652,7,Warstock Cache & Carry
904,652,13,Career Progress
903,651,15,Conversion at Benny's Shop
902,650,15,Conversion at Benny's Shop
901,649,15,Conversion at Benny's Shop
900,648,15,Conversion at Benny's Shop
899,648,10,Customer Car (Auto Shop)
898,647,15,Conversion at Benny's Shop
897,646,15,Conversion at Benny's Shop
896,645,1,Southern S.A. Super Autos
895,644,1,Southern S.A. Super Autos
894,644,10,Customer Car (Auto Shop)
893,643,1,Southern S.A. Super Autos
892,642,1,Southern S.A. Super Autos
891,642,10,Customer Car (Auto Shop)
890,641,1,Southern S.A. Super Autos
889,641,10,Customer Car (Auto Shop)
888,640,2,Legendary Motorsport 
887,639,2,Legendary Motorsport 
886,638,2,Legendary Motorsport 
885,637,2,Legendary Motorsport 
884,636,2,Legendary Motorsport 
883,636,11,Customer Bike (MC Clubhouse)
882,635,2,Legendary Motorsport 
881,634,2,Legendary Motorsport 
880,633,1,Southern S.A. Super Autos
879,632,1,Southern S.A. Super Autos
878,631,1,Southern S.A. Super Autos
877,630,2,Legendary Motorsport 
876,630,10,Customer Car (Auto Shop)
875,629,1,Southern S.A. Super Autos
874,628,1,Southern S.A. Super Autos
873,627,2,Legendary Motorsport 
872,626,7,Warstock Cache & Carry
871,625,7,Warstock Cache & Carry
870,624,7,Warstock Cache & Carry
869,623,2,Legendary Motorsport 
868,623,13,Career Progress
867,622,2,Legendary Motorsport 
866,622,10,Customer Car (Auto Shop)
865,621,2,Legendary Motorsport 
864,620,1,Southern S.A. Super Autos
863,620,10,Customer Car (Auto Shop)
862,619,1,Southern S.A. Super Autos
861,618,1,Southern S.A. Super Autos
860,618,10,Customer Car (Auto Shop)
859,617,1,Southern S.A. Super Autos
858,616,1,Southern S.A. Super Autos
857,615,2,Legendary Motorsport 
856,614,2,Legendary Motorsport 
855,613,2,Legendary Motorsport 
854,612,1,Southern S.A. Super Autos
853,612,10,Customer Car (Auto Shop)
852,611,2,Legendary Motorsport 
851,611,10,Customer Car (Auto Shop)
850,610,1,Southern S.A. Super Autos
849,609,1,Southern S.A. Super Autos
848,608,2,Legendary Motorsport 
847,607,1,Southern S.A. Super Autos
846,606,2,Legendary Motorsport 
845,605,1,Southern S.A. Super Autos
844,605,10,Customer Car (Auto Shop)
843,604,2,Legendary Motorsport 
842,603,1,Southern S.A. Super Autos
841,603,3,Benny's Original Motor Works
840,602,2,Legendary Motorsport 
839,602,10,Customer Car (Auto Shop)
838,601,1,Southern S.A. Super Autos
837,600,1,Southern S.A. Super Autos
836,599,2,Legendary Motorsport 
835,598,20,Misc
834,597,2,Legendary Motorsport 
833,597,10,Customer Car (Auto Shop)
832,597,13,Career Progress
831,596,2,Legendary Motorsport 
830,595,2,Legendary Motorsport 
829,595,10,Customer Car (Auto Shop)
828,594,2,Legendary Motorsport 
827,593,1,Southern S.A. Super Autos
826,593,10,Customer Car (Auto Shop)
825,592,2,Legendary Motorsport 
824,591,1,Southern S.A. Super Autos
823,590,2,Legendary Motorsport 
822,589,1,Southern S.A. Super Autos
821,588,2,Legendary Motorsport 
820,587,2,Legendary Motorsport 
819,586,2,Legendary Motorsport 
818,586,10,Customer Car (Auto Shop)
817,586,19,Casino Lucky Wheel Mystery Prize
816,585,4,ArenaWar.tv
815,584,14,Conversion at Arena Workshop
814,583,4,ArenaWar.tv
813,582,14,Conversion at Arena Workshop
812,581,14,Conversion at Arena Workshop
811,580,4,ArenaWar.tv
810,579,14,Conversion at Arena Workshop
809,578,14,Conversion at Arena Workshop
808,577,14,Conversion at Arena Workshop
807,576,4,ArenaWar.tv
806,575,4,ArenaWar.tv
805,574,14,Conversion at Arena Workshop
804,573,4,ArenaWar.tv
803,572,14,Conversion at Arena Workshop
802,571,4,ArenaWar.tv
801,570,14,Conversion at Arena Workshop
800,569,14,Conversion at Arena Workshop
799,568,4,ArenaWar.tv
798,567,14,Conversion at Arena Workshop
797,566,14,Conversion at Arena Workshop
796,565,14,Conversion at Arena Workshop
795,564,4,ArenaWar.tv
794,563,4,ArenaWar.tv
793,562,14,Conversion at Arena Workshop
792,561,4,ArenaWar.tv
791,560,14,Conversion at Arena Workshop
790,559,4,ArenaWar.tv
789,558,14,Conversion at Arena Workshop
788,557,14,Conversion at Arena Workshop
787,556,4,ArenaWar.tv
786,555,14,Conversion at Arena Workshop
785,554,14,Conversion at Arena Workshop
784,553,14,Conversion at Arena Workshop
783,552,4,ArenaWar.tv
782,551,4,ArenaWar.tv
781,550,14,Conversion at Arena Workshop
780,549,1,Southern S.A. Super Autos
779,549,4,ArenaWar.tv
778,549,19,Casino Lucky Wheel Mystery Prize
777,548,2,Legendary Motorsport 
776,547,7,Warstock Cache & Carry
775,546,7,Warstock Cache & Carry
774,545,7,Warstock Cache & Carry
773,544,7,Warstock Cache & Carry
772,543,7,Warstock Cache & Carry
771,542,2,Legendary Motorsport 
770,542,13,Career Progress
769,541,6,Elitás Travel
768,540,20,Misc
767,539,1,Southern S.A. Super Autos
766,538,1,Southern S.A. Super Autos
765,537,7,Warstock Cache & Carry
764,536,7,Warstock Cache & Carry
763,535,2,Legendary Motorsport 
762,535,10,Customer Car (Auto Shop)
761,534,2,Legendary Motorsport 
760,533,1,Southern S.A. Super Autos
759,532,1,Southern S.A. Super Autos
758,532,19,Casino Lucky Wheel Mystery Prize
757,531,2,Legendary Motorsport 
756,530,1,Southern S.A. Super Autos
755,530,10,Customer Car (Auto Shop)
754,529,6,Elitás Travel
753,528,1,Southern S.A. Super Autos
752,528,4,ArenaWar.tv
751,528,10,Customer Car (Auto Shop)
750,528,19,Casino Lucky Wheel Mystery Prize
749,527,2,Legendary Motorsport 
748,527,10,Customer Car (Auto Shop)
747,526,7,Warstock Cache & Carry
746,525,2,Legendary Motorsport 
745,524,1,Southern S.A. Super Autos
744,523,2,Legendary Motorsport 
743,522,2,Legendary Motorsport 
742,521,2,Legendary Motorsport 
741,521,10,Customer Car (Auto Shop)
740,520,1,Southern S.A. Super Autos
739,520,10,Customer Car (Auto Shop)
738,520,19,Casino Lucky Wheel Mystery Prize
737,519,1,Southern S.A. Super Autos
736,518,2,Legendary Motorsport 
735,517,2,Legendary Motorsport 
734,516,2,Legendary Motorsport 
733,515,1,Southern S.A. Super Autos
732,515,19,Casino Lucky Wheel Mystery Prize
731,514,2,Legendary Motorsport 
730,513,2,Legendary Motorsport 
729,512,2,Legendary Motorsport 
728,511,2,Legendary Motorsport 
727,510,2,Legendary Motorsport 
726,509,2,Legendary Motorsport 
725,508,1,Southern S.A. Super Autos
724,508,10,Customer Car (Auto Shop)
723,507,1,Southern S.A. Super Autos
722,506,3,Benny's Original Motor Works
721,506,1,Southern S.A. Super Autos
720,505,7,Warstock Cache & Carry
719,504,7,Warstock Cache & Carry
718,503,7,Warstock Cache & Carry
717,502,7,Warstock Cache & Carry
716,501,7,Warstock Cache & Carry
715,500,7,Warstock Cache & Carry
714,499,7,Warstock Cache & Carry
713,498,7,Warstock Cache & Carry
712,498,13,Career Progress
711,497,7,Warstock Cache & Carry
710,496,7,Warstock Cache & Carry
709,495,2,Legendary Motorsport 
708,495,10,Customer Car (Auto Shop)
707,494,2,Legendary Motorsport 
706,494,10,Customer Car (Auto Shop)
705,493,2,Legendary Motorsport 
704,492,2,Legendary Motorsport 
703,491,1,Southern S.A. Super Autos
702,491,3,Benny's Original Motor Works
701,490,1,Southern S.A. Super Autos
700,490,10,Customer Car (Auto Shop)
699,489,7,Warstock Cache & Carry
698,488,2,Legendary Motorsport 
697,487,7,Warstock Cache & Carry
696,486,6,Elitás Travel
695,485,7,Warstock Cache & Carry
694,484,7,Warstock Cache & Carry
693,483,7,Warstock Cache & Carry
692,482,6,Elitás Travel
691,481,7,Warstock Cache & Carry
690,480,2,Legendary Motorsport 
689,479,2,Legendary Motorsport 
688,478,1,Southern S.A. Super Autos
687,477,7,Warstock Cache & Carry
686,476,6,Elitás Travel
685,475,7,Warstock Cache & Carry
684,474,7,Warstock Cache & Carry
683,473,7,Warstock Cache & Carry
682,472,6,Elitás Travel
681,471,6,Elitás Travel
680,471,13,Career Progress
679,470,7,Warstock Cache & Carry
678,469,2,Legendary Motorsport 
677,468,7,Warstock Cache & Carry
676,467,17,Conversion at MOC or Avenger
675,466,2,Legendary Motorsport 
674,465,17,Conversion at MOC or Avenger
673,464,2,Legendary Motorsport 
672,464,10,Customer Car (Auto Shop)
671,463,2,Legendary Motorsport 
670,462,7,Warstock Cache & Carry
669,461,12,Bunker
668,460,7,Warstock Cache & Carry
667,460,13,Career Progress
666,459,7,Warstock Cache & Carry
665,458,7,Warstock Cache & Carry
664,457,7,Warstock Cache & Carry
663,456,7,Warstock Cache & Carry
662,455,7,Warstock Cache & Carry
661,454,7,Warstock Cache & Carry
660,453,7,Warstock Cache & Carry
659,452,2,Legendary Motorsport 
658,452,13,Career Progress
657,451,2,Legendary Motorsport 
656,451,19,Casino Lucky Wheel Mystery Prize
655,450,2,Legendary Motorsport 
654,450,19,Casino Lucky Wheel Mystery Prize
653,449,2,Legendary Motorsport 
652,449,10,Customer Car (Auto Shop)
651,448,15,Conversion at Benny's Shop
650,447,3,Benny's Original Motor Works
649,446,15,Conversion at Benny's Shop
648,445,3,Benny's Original Motor Works
647,444,15,Conversion at Benny's Shop
646,444,11,Customer Bike (MC Clubhouse)
645,443,3,Benny's Original Motor Works
644,443,19,Casino Lucky Wheel Mystery Prize
643,442,15,Conversion at Benny's Shop
642,441,15,Conversion at Benny's Shop
641,441,13,Career Progress
640,440,3,Benny's Original Motor Works
639,439,7,Warstock Cache & Carry
638,438,2,Legendary Motorsport 
637,438,10,Customer Car (Auto Shop)
636,437,7,Warstock Cache & Carry
635,437,19,Casino Lucky Wheel Mystery Prize
634,436,2,Legendary Motorsport 
633,435,15,Conversion at Benny's Shop
632,434,7,Warstock Cache & Carry
631,433,7,Warstock Cache & Carry
630,432,7,Warstock Cache & Carry
629,431,7,Warstock Cache & Carry
628,430,7,Warstock Cache & Carry
627,429,15,Conversion at Benny's Shop
626,429,11,Customer Bike (MC Clubhouse)
625,428,3,Benny's Original Motor Works
624,428,19,Casino Lucky Wheel Mystery Prize
623,427,7,Warstock Cache & Carry
622,426,1,Southern S.A. Super Autos
621,426,3,Benny's Original Motor Works
620,425,1,Southern S.A. Super Autos
619,425,11,Customer Bike (MC Clubhouse)
618,425,19,Casino Lucky Wheel Mystery Prize
617,424,2,Legendary Motorsport 
616,423,1,Southern S.A. Super Autos
615,423,19,Casino Lucky Wheel Mystery Prize
614,422,1,Southern S.A. Super Autos
613,421,1,Southern S.A. Super Autos
612,421,11,Customer Bike (MC Clubhouse)
611,420,2,Legendary Motorsport 
610,419,1,Southern S.A. Super Autos
609,419,13,Career Progress
608,419,11,Customer Bike (MC Clubhouse)
607,418,1,Southern S.A. Super Autos
606,418,11,Customer Bike (MC Clubhouse)
605,418,19,Casino Lucky Wheel Mystery Prize
604,417,1,Southern S.A. Super Autos
603,417,11,Customer Bike (MC Clubhouse)
602,416,1,Southern S.A. Super Autos
601,416,11,Customer Bike (MC Clubhouse)
600,416,19,Casino Lucky Wheel Mystery Prize
599,415,1,Southern S.A. Super Autos
598,415,11,Customer Bike (MC Clubhouse)
597,414,1,Southern S.A. Super Autos
596,413,1,Southern S.A. Super Autos
595,413,11,Customer Bike (MC Clubhouse)
594,413,19,Casino Lucky Wheel Mystery Prize
593,412,1,Southern S.A. Super Autos
592,412,11,Customer Bike (MC Clubhouse)
591,412,19,Casino Lucky Wheel Mystery Prize
590,411,2,Legendary Motorsport 
589,410,1,Southern S.A. Super Autos
588,410,19,Casino Lucky Wheel Mystery Prize
587,409,1,Southern S.A. Super Autos
586,409,11,Customer Bike (MC Clubhouse)
585,408,1,Southern S.A. Super Autos
584,408,11,Customer Bike (MC Clubhouse)
583,408,19,Casino Lucky Wheel Mystery Prize
582,407,1,Southern S.A. Super Autos
581,407,11,Customer Bike (MC Clubhouse)
580,406,1,Southern S.A. Super Autos
579,406,11,Customer Bike (MC Clubhouse)
578,405,1,Southern S.A. Super Autos
577,404,1,Southern S.A. Super Autos
576,403,1,Southern S.A. Super Autos
575,402,2,Legendary Motorsport 
574,401,1,Southern S.A. Super Autos
573,400,2,Legendary Motorsport 
572,399,2,Legendary Motorsport 
571,398,2,Legendary Motorsport 
570,397,1,Southern S.A. Super Autos
569,396,1,Southern S.A. Super Autos
568,395,1,Southern S.A. Super Autos
567,394,1,Southern S.A. Super Autos
566,393,1,Southern S.A. Super Autos
565,393,4,ArenaWar.tv
564,392,1,Southern S.A. Super Autos
563,392,19,Casino Lucky Wheel Mystery Prize
562,391,1,Southern S.A. Super Autos
561,391,19,Casino Lucky Wheel Mystery Prize
560,390,2,Legendary Motorsport 
559,389,2,Legendary Motorsport 
558,388,2,Legendary Motorsport 
557,387,1,Southern S.A. Super Autos
556,386,2,Legendary Motorsport 
555,385,2,Legendary Motorsport 
554,385,19,Casino Lucky Wheel Mystery Prize
553,384,2,Legendary Motorsport 
552,383,2,Legendary Motorsport 
551,382,2,Legendary Motorsport 
550,381,7,Warstock Cache & Carry
549,380,6,Elitás Travel
548,379,6,Elitás Travel
547,378,2,Legendary Motorsport 
546,378,13,Career Progress
545,377,5,DockTease
544,376,15,Conversion at Benny's Shop
543,375,15,Conversion at Benny's Shop
542,374,15,Conversion at Benny's Shop
541,373,15,Conversion at Benny's Shop
540,372,3,Benny's Original Motor Works
539,372,19,Casino Lucky Wheel Mystery Prize
538,371,15,Conversion at Benny's Shop
537,370,15,Conversion at Benny's Shop
536,369,2,Legendary Motorsport 
535,368,15,Conversion at Benny's Shop
534,367,15,Conversion at Benny's Shop
533,366,1,Southern S.A. Super Autos
532,366,19,Casino Lucky Wheel Mystery Prize
531,365,2,Legendary Motorsport 
530,364,2,Legendary Motorsport 
529,363,2,Legendary Motorsport 
528,362,2,Legendary Motorsport 
527,361,2,Legendary Motorsport 
526,360,2,Legendary Motorsport 
525,359,2,Legendary Motorsport 
524,359,10,Customer Car (Auto Shop)
523,359,19,Casino Lucky Wheel Mystery Prize
522,358,2,Legendary Motorsport 
521,357,7,Warstock Cache & Carry
520,356,2,Legendary Motorsport 
519,355,2,Legendary Motorsport 
518,354,2,Legendary Motorsport 
517,353,2,Legendary Motorsport 
516,352,2,Legendary Motorsport 
515,351,2,Legendary Motorsport 
514,351,19,Casino Lucky Wheel Mystery Prize
513,350,2,Legendary Motorsport 
512,349,6,Elitás Travel
511,348,6,Elitás Travel
510,347,1,Southern S.A. Super Autos
509,346,1,Southern S.A. Super Autos
508,345,15,Conversion at Benny's Shop
507,345,10,Customer Car (Auto Shop)
506,344,15,Conversion at Benny's Shop
505,343,15,Conversion at Benny's Shop
504,342,3,Benny's Original Motor Works
503,342,19,Casino Lucky Wheel Mystery Prize
502,341,15,Conversion at Benny's Shop
501,340,3,Benny's Original Motor Works
500,340,19,Casino Lucky Wheel Mystery Prize
499,339,15,Conversion at Benny's Shop
498,338,15,Conversion at Benny's Shop
497,337,2,Legendary Motorsport 
496,336,2,Legendary Motorsport 
495,335,2,Legendary Motorsport 
494,335,10,Customer Car (Auto Shop)
493,334,2,Legendary Motorsport 
492,334,3,Benny's Original Motor Works
491,334,19,Casino Lucky Wheel Mystery Prize
490,333,2,Legendary Motorsport 
489,332,5,DockTease
488,331,2,Legendary Motorsport 
487,330,2,Legendary Motorsport 
486,329,6,Elitás Travel
485,328,2,Legendary Motorsport 
484,328,19,Casino Lucky Wheel Mystery Prize
483,327,6,Elitás Travel
482,326,2,Legendary Motorsport 
481,325,7,Warstock Cache & Carry
480,324,19,Casino Lucky Wheel Mystery Prize
479,323,7,Warstock Cache & Carry
478,322,1,Southern S.A. Super Autos
477,321,7,Warstock Cache & Carry
476,320,2,Legendary Motorsport 
475,319,1,Southern S.A. Super Autos
474,319,13,Career Progress
473,318,1,Southern S.A. Super Autos
472,318,19,Casino Lucky Wheel Mystery Prize
471,317,6,Elitás Travel
470,316,7,Warstock Cache & Carry
469,315,7,Warstock Cache & Carry
468,314,7,Warstock Cache & Carry
467,313,2,Legendary Motorsport 
466,312,1,Southern S.A. Super Autos
465,312,19,Casino Lucky Wheel Mystery Prize
464,311,1,Southern S.A. Super Autos
463,310,7,Warstock Cache & Carry
462,309,7,Warstock Cache & Carry
461,308,1,Southern S.A. Super Autos
460,308,19,Casino Lucky Wheel Mystery Prize
459,307,1,Southern S.A. Super Autos
458,307,19,Casino Lucky Wheel Mystery Prize
457,306,1,Southern S.A. Super Autos
456,306,3,Benny's Original Motor Works
455,306,4,ArenaWar.tv
454,306,19,Casino Lucky Wheel Mystery Prize
453,305,1,Southern S.A. Super Autos
452,305,4,ArenaWar.tv
451,305,19,Casino Lucky Wheel Mystery Prize
450,304,1,Southern S.A. Super Autos
449,303,9,Arena War Sponsership Tier
448,302,1,Southern S.A. Super Autos
447,302,19,Casino Lucky Wheel Mystery Prize
446,300,6,Elitás Travel
445,300,19,Casino Lucky Wheel Mystery Prize
444,299,7,Warstock Cache & Carry
443,298,1,Southern S.A. Super Autos
442,298,19,Casino Lucky Wheel Mystery Prize
441,297,1,Southern S.A. Super Autos
440,297,19,Casino Lucky Wheel Mystery Prize
439,296,1,Southern S.A. Super Autos
438,296,19,Casino Lucky Wheel Mystery Prize
437,295,1,Southern S.A. Super Autos
436,295,19,Casino Lucky Wheel Mystery Prize
435,294,7,Warstock Cache & Carry
434,293,1,Southern S.A. Super Autos
433,293,19,Casino Lucky Wheel Mystery Prize
432,292,5,DockTease
431,291,2,Legendary Motorsport 
430,291,19,Casino Lucky Wheel Mystery Prize
429,290,1,Southern S.A. Super Autos
428,289,1,Southern S.A. Super Autos
427,288,1,Southern S.A. Super Autos
426,288,19,Casino Lucky Wheel Mystery Prize
425,287,2,Legendary Motorsport 
424,286,2,Legendary Motorsport 
423,286,19,Casino Lucky Wheel Mystery Prize
422,285,6,Elitás Travel
421,284,6,Elitás Travel
420,283,6,Elitás Travel
419,282,7,Warstock Cache & Carry
418,281,1,Southern S.A. Super Autos
417,280,1,Southern S.A. Super Autos
416,280,19,Casino Lucky Wheel Mystery Prize
415,279,1,Southern S.A. Super Autos
414,279,10,Customer Car (Auto Shop)
413,278,1,Southern S.A. Super Autos
412,278,3,Benny's Original Motor Works
411,278,4,ArenaWar.tv
410,278,19,Casino Lucky Wheel Mystery Prize
409,277,7,Warstock Cache & Carry
408,276,1,Southern S.A. Super Autos
407,276,19,Casino Lucky Wheel Mystery Prize
406,275,1,Southern S.A. Super Autos
405,275,10,Customer Car (Auto Shop)
404,275,19,Casino Lucky Wheel Mystery Prize
403,274,1,Southern S.A. Super Autos
402,274,19,Casino Lucky Wheel Mystery Prize
401,273,2,Legendary Motorsport 
400,272,2,Legendary Motorsport 
399,271,2,Legendary Motorsport 
398,271,19,Casino Lucky Wheel Mystery Prize
397,270,2,Legendary Motorsport 
396,269,2,Legendary Motorsport 
395,269,19,Casino Lucky Wheel Mystery Prize
394,268,2,Legendary Motorsport 
393,268,19,Casino Lucky Wheel Mystery Prize
392,267,2,Legendary Motorsport 
391,267,19,Casino Lucky Wheel Mystery Prize
390,266,6,Elitás Travel
389,265,2,Legendary Motorsport 
388,264,1,Southern S.A. Super Autos
387,263,1,Southern S.A. Super Autos
386,263,19,Casino Lucky Wheel Mystery Prize
385,262,1,Southern S.A. Super Autos
384,262,19,Casino Lucky Wheel Mystery Prize
383,261,5,DockTease
382,260,2,Legendary Motorsport 
381,260,19,Casino Lucky Wheel Mystery Prize
380,259,6,Elitás Travel
379,258,7,Warstock Cache & Carry
378,256,7,Warstock Cache & Carry
377,256,22,Triggered Spawn
376,255,18,Find on street & steal
375,254,22,Triggered Spawn
374,252,18,Find on street & steal
373,251,18,Find on street & steal
372,250,7,Warstock Cache & Carry
371,249,9,Arena War Sponsership Tier
370,247,9,Arena War Sponsership Tier
369,246,9,Arena War Sponsership Tier
368,244,7,Warstock Cache & Carry
367,241,12,Bunker
366,238,9,Arena War Sponsership Tier
365,233,1,Southern S.A. Super Autos
364,233,18,Find on street & steal
363,232,7,Warstock Cache & Carry
362,231,1,Southern S.A. Super Autos
361,231,18,Find on street & steal
360,230,18,Find on street & steal
359,229,1,Southern S.A. Super Autos
358,229,18,Find on street & steal
357,227,1,Southern S.A. Super Autos
356,227,3,Benny's Original Motor Works
355,227,18,Find on street & steal
354,227,19,Casino Lucky Wheel Mystery Prize
353,226,7,Warstock Cache & Carry
352,223,1,Southern S.A. Super Autos
351,223,18,Find on street & steal
350,222,1,Southern S.A. Super Autos
349,222,18,Find on street & steal
348,218,9,Arena War Sponsership Tier
347,214,1,Southern S.A. Super Autos
346,214,18,Find on street & steal
345,206,1,Southern S.A. Super Autos
344,206,18,Find on street & steal
343,206,19,Casino Lucky Wheel
342,205,1,Southern S.A. Super Autos
341,205,18,Find on street & steal
340,204,1,Southern S.A. Super Autos
339,204,18,Find on street & steal
338,203,1,Southern S.A. Super Autos
337,203,18,Find on street & steal
336,202,1,Southern S.A. Super Autos
335,202,18,Find on street & steal
334,202,19,Casino Lucky Wheel
333,201,18,Find on street & steal
332,200,1,Southern S.A. Super Autos
331,200,18,Find on street & steal
330,199,1,Southern S.A. Super Autos
329,199,18,Find on street & steal
328,198,1,Southern S.A. Super Autos
327,198,18,Find on street & steal
326,197,1,Southern S.A. Super Autos
325,197,18,Find on street & steal
324,196,1,Southern S.A. Super Autos
323,196,18,Find on street & steal
322,196,19,Casino Lucky Wheel
321,195,18,Find on street & steal
320,194,1,Southern S.A. Super Autos
319,194,18,Find on street & steal
318,193,1,Southern S.A. Super Autos
317,193,18,Find on street & steal
316,192,1,Southern S.A. Super Autos
315,192,18,Find on street & steal
314,191,1,Southern S.A. Super Autos
313,191,18,Find on street & steal
312,191,19,Casino Lucky Wheel
311,190,18,Find on street & steal
310,189,2,Legendary Motorsport 
309,188,2,Legendary Motorsport 
308,188,19,Casino Lucky Wheel
307,187,2,Legendary Motorsport 
306,187,19,Casino Lucky Wheel
305,186,2,Legendary Motorsport 
304,186,19,Casino Lucky Wheel
303,185,2,Legendary Motorsport 
302,184,2,Legendary Motorsport 
301,183,2,Legendary Motorsport 
300,183,19,Casino Lucky Wheel
299,182,2,Legendary Motorsport 
298,181,2,Legendary Motorsport 
297,180,18,Find on street & steal
296,179,3,Benny's Original Motor Works
295,179,18,Find on street & steal
294,179,19,Casino Lucky Wheel
293,178,2,Legendary Motorsport 
292,177,2,Legendary Motorsport 
291,176,2,Legendary Motorsport 
290,175,3,Benny's Original Motor Works
289,175,18,Find on street & steal
288,174,2,Legendary Motorsport 
287,174,19,Casino Lucky Wheel
286,173,3,Benny's Original Motor Works
285,173,18,Find on street & steal
284,172,2,Legendary Motorsport 
283,172,19,Casino Lucky Wheel
282,171,2,Legendary Motorsport 
281,171,10,Customer Car (Auto Shop)
280,171,19,Casino Lucky Wheel
279,170,3,Benny's Original Motor Works
278,170,18,Find on street & steal
277,170,19,Casino Lucky Wheel
276,169,1,Southern S.A. Super Autos
275,169,18,Find on street & steal
274,168,2,Legendary Motorsport 
273,168,19,Casino Lucky Wheel
272,167,2,Legendary Motorsport 
271,167,19,Casino Lucky Wheel
270,166,1,Southern S.A. Super Autos
269,166,18,Find on street & steal
268,166,19,Casino Lucky Wheel
267,165,1,Southern S.A. Super Autos
266,165,10,Customer Car (Auto Shop)
265,165,18,Find on street & steal
264,165,19,Casino Lucky Wheel
263,164,1,Southern S.A. Super Autos
262,164,18,Find on street & steal
261,163,2,Legendary Motorsport 
260,163,19,Casino Lucky Wheel
259,162,2,Legendary Motorsport 
258,162,3,Benny's Original Motor Works
257,161,2,Legendary Motorsport 
256,160,2,Legendary Motorsport 
255,160,19,Casino Lucky Wheel
254,159,2,Legendary Motorsport 
253,159,3,Benny's Original Motor Works
252,159,10,Customer Car (Auto Shop)
251,159,19,Casino Lucky Wheel
250,158,2,Legendary Motorsport 
249,158,19,Casino Lucky Wheel
248,157,1,Southern S.A. Super Autos
247,156,1,Southern S.A. Super Autos
246,156,18,Find on street & steal
245,156,19,Casino Lucky Wheel
244,155,2,Legendary Motorsport 
243,154,2,Legendary Motorsport 
242,154,3,Benny's Original Motor Works
241,154,19,Casino Lucky Wheel
240,153,2,Legendary Motorsport 
239,153,19,Casino Lucky Wheel
238,152,2,Legendary Motorsport 
237,152,19,Casino Lucky Wheel
236,151,9,Arena War Sponsership Tier
235,149,7,Warstock Cache & Carry
234,148,7,Warstock Cache & Carry
233,147,7,Warstock Cache & Carry
232,146,7,Warstock Cache & Carry
231,145,7,Warstock Cache & Carry
230,144,1,Southern S.A. Super Autos
229,144,18,Find on street & steal
228,144,19,Casino Lucky Wheel
227,143,1,Southern S.A. Super Autos
226,143,22,Triggered Spawn
225,142,1,Southern S.A. Super Autos
224,142,18,Find on street & steal
223,141,2,Legendary Motorsport 
222,141,19,Casino Lucky Wheel
221,140,1,Southern S.A. Super Autos
220,139,1,Southern S.A. Super Autos
219,139,18,Find on street & steal
218,138,1,Southern S.A. Super Autos
217,138,18,Find on street & steal
216,137,1,Southern S.A. Super Autos
215,137,18,Find on street & steal
214,137,19,Casino Lucky Wheel
213,136,1,Southern S.A. Super Autos
212,136,22,Triggered Spawn
211,135,1,Southern S.A. Super Autos
210,135,18,Find on street & steal
209,134,1,Southern S.A. Super Autos
208,134,3,Benny's Original Motor Works
207,134,18,Find on street & steal
206,134,19,Casino Lucky Wheel
205,133,1,Southern S.A. Super Autos
204,133,18,Find on street & steal
203,132,1,Southern S.A. Super Autos
202,132,18,Find on street & steal
201,132,19,Casino Lucky Wheel
200,131,1,Southern S.A. Super Autos
199,131,18,Find on street & steal
198,130,1,Southern S.A. Super Autos
197,130,18,Find on street & steal
196,130,19,Casino Lucky Wheel
195,129,18,Find on street & steal
194,128,1,Southern S.A. Super Autos
193,128,18,Find on street & steal
192,127,1,Southern S.A. Super Autos
191,127,18,Find on street & steal
190,126,6,Elitás Travel
189,126,19,Casino Lucky Wheel
188,125,6,Elitás Travel
187,124,6,Elitás Travel
186,123,7,Warstock Cache & Carry
185,122,6,Elitás Travel
184,122,19,Casino Lucky Wheel
183,121,6,Elitás Travel
182,121,19,Casino Lucky Wheel
181,120,6,Elitás Travel
180,118,6,Elitás Travel
179,117,6,Elitás Travel
178,117,19,Casino Lucky Wheel
177,115,1,Southern S.A. Super Autos
176,115,18,Find on street & steal
175,114,1,Southern S.A. Super Autos
174,114,18,Find on street & steal
173,113,1,Southern S.A. Super Autos
172,113,18,Find on street & steal
171,112,1,Southern S.A. Super Autos
170,112,18,Find on street & steal
169,111,1,Southern S.A. Super Autos
168,111,18,Find on street & steal
167,110,7,Warstock Cache & Carry
166,110,22,Triggered Spawn
165,110,19,Casino Lucky Wheel
164,109,1,Southern S.A. Super Autos
163,109,18,Find on street & steal
162,109,19,Casino Lucky Wheel
161,108,1,Southern S.A. Super Autos
160,108,19,Casino Lucky Wheel
159,107,18,Find on street & steal
158,106,1,Southern S.A. Super Autos
157,106,18,Find on street & steal
156,105,1,Southern S.A. Super Autos
155,104,7,Warstock Cache & Carry
154,104,22,Triggered Spawn
153,103,1,Southern S.A. Super Autos
152,103,18,Find on street & steal
151,103,19,Casino Lucky Wheel
150,102,3,Benny's Original Motor Works
149,102,18,Find on street & steal
148,102,19,Casino Lucky Wheel
147,101,1,Southern S.A. Super Autos
146,101,18,Find on street & steal
145,100,3,Benny's Original Motor Works
144,100,18,Find on street & steal
143,100,19,Casino Lucky Wheel
142,99,1,Southern S.A. Super Autos
141,99,18,Find on street & steal
140,99,19,Casino Lucky Wheel
139,98,1,Southern S.A. Super Autos
138,98,18,Find on street & steal
137,97,1,Southern S.A. Super Autos
136,97,18,Find on street & steal
135,97,19,Casino Lucky Wheel
134,96,18,Find on street & steal
133,95,2,Legendary Motorsport 
132,95,19,Casino Lucky Wheel
131,94,1,Southern S.A. Super Autos
130,94,18,Find on street & steal
129,94,19,Casino Lucky Wheel
128,93,1,Southern S.A. Super Autos
127,93,4,ArenaWar.tv
126,93,18,Find on street & steal
125,93,19,Casino Lucky Wheel
124,92,3,Benny's Original Motor Works
123,92,18,Find on street & steal
122,92,19,Casino Lucky Wheel
121,91,1,Southern S.A. Super Autos
120,91,18,Find on street & steal
119,90,1,Southern S.A. Super Autos
118,90,18,Find on street & steal
117,90,19,Casino Lucky Wheel
116,89,1,Southern S.A. Super Autos
115,89,18,Find on street & steal
114,89,19,Casino Lucky Wheel
113,88,1,Southern S.A. Super Autos
112,88,18,Find on street & steal
111,88,19,Casino Lucky Wheel
110,87,1,Southern S.A. Super Autos
109,87,18,Find on street & steal
108,87,19,Casino Lucky Wheel
107,86,1,Southern S.A. Super Autos
106,86,18,Find on street & steal
105,86,19,Casino Lucky Wheel
104,85,1,Southern S.A. Super Autos
103,85,19,Casino Lucky Wheel
102,84,1,Southern S.A. Super Autos
101,84,18,Find on street & steal
100,84,19,Casino Lucky Wheel
99,83,1,Southern S.A. Super Autos
98,83,19,Casino Lucky Wheel
97,82,18,Find on street & steal
96,81,2,Legendary Motorsport 
95,81,19,Casino Lucky Wheel
94,80,1,Southern S.A. Super Autos
93,80,19,Casino Lucky Wheel
92,79,1,Southern S.A. Super Autos
91,79,19,Casino Lucky Wheel
90,78,1,Southern S.A. Super Autos
89,78,18,Find on street & steal
88,78,19,Casino Lucky Wheel
87,77,19,Casino Lucky Wheel
86,77,1,Southern S.A. Super Autos
85,76,7,Warstock Cache & Carry
84,75,7,Warstock Cache & Carry
83,74,9,Arena War Sponsership Tier
82,73,7,Warstock Cache & Carry
81,68,7,Warstock Cache & Carry
80,67,9,Arena War Sponsership Tier
79,62,6,Elitás Travel
78,61,6,Elitás Travel
77,60,7,Warstock Cache & Carry
76,59,7,Warstock Cache & Carry
75,59,13,Career Progress
74,57,7,Warstock Cache & Carry
73,53,7,Warstock Cache & Carry
72,52,7,Warstock Cache & Carry
71,47,7,Warstock Cache & Carry
70,46,7,Warstock Cache & Carry
69,45,7,Warstock Cache & Carry
68,41,8,Pedal and Metal Cycles 
67,41,19,Casino Lucky Wheel
66,40,8,Pedal and Metal Cycles 
65,40,19,Casino Lucky Wheel
64,39,8,Pedal and Metal Cycles 
63,39,19,Casino Lucky Wheel
62,37,8,Pedal and Metal Cycles 
61,37,19,Casino Lucky Wheel
60,36,8,Pedal and Metal Cycles 
59,36,19,Casino Lucky Wheel
58,35,8,Pedal and Metal Cycles 
57,35,19,Casino Lucky Wheel
56,34,1,Southern S.A. Super Autos
55,34,18,Find on street & steal
54,34,19,Casino Lucky Wheel
53,33,1,Southern S.A. Super Autos
52,33,18,Find on street & steal
51,32,1,Southern S.A. Super Autos
50,32,10,Customer Car (Auto Shop)
49,32,18,Find on street & steal
48,31,1,Southern S.A. Super Autos
47,31,18,Find on street & steal
46,30,1,Southern S.A. Super Autos
45,30,18,Find on street & steal
44,30,19,Casino Lucky Wheel
43,29,1,Southern S.A. Super Autos
42,29,18,Find on street & steal
41,29,19,Casino Lucky Wheel
40,28,1,Southern S.A. Super Autos
39,28,18,Find on street & steal
38,28,19,Casino Lucky Wheel
37,27,1,Southern S.A. Super Autos
36,27,18,Find on street & steal
35,27,19,Casino Lucky Wheel
34,26,1,Southern S.A. Super Autos
33,26,18,Find on street & steal
32,26,19,Casino Lucky Wheel
31,25,1,Southern S.A. Super Autos
30,25,18,Find on street & steal
29,25,19,Casino Lucky Wheel
28,24,2,Legendary Motorsport 
27,24,19,Casino Lucky Wheel
26,23,2,Legendary Motorsport 
25,23,19,Casino Lucky Wheel
24,22,1,Southern S.A. Super Autos
23,22,18,Find on street & steal
22,22,19,Casino Lucky Wheel
21,21,1,Southern S.A. Super Autos
20,21,18,Find on street & steal
19,21,19,Casino Lucky Wheel
18,20,1,Southern S.A. Super Autos
17,20,18,Find on street & steal
16,19,18,Can be stolen / found
15,18,7,Warstock Cache & Carry
14,14,7,Warstock Cache & Carry
13,10,5,DockTease
12,9,5,DockTease
11,7,5,DockTease
10,7,19,Casino Lucky Wheel
9,6,5,DockTease
8,6,19,Casino Lucky Wheel
7,5,7,Warstock Cache & Carry
6,4,5,DockTease
5,4,19,Casino Lucky Wheel
4,3,5,DockTease
3,3,19,Casino Lucky Wheel
2,1,5,DockTease
1,1,19,Casino Lucky Wheel
